{
  "dimensions": [
    "regulatory_fit_score",
    "construal_fit_score",
    "personality_brand_alignment",
    "emotional_resonance",
    "value_alignment",
    "evolutionary_motive_match",
    "appeal_resonance",
    "processing_route_match",
    "lay_theory_alignment",
    "linguistic_style_match",
    "identity_signaling_match",
    "linguistic_style_matching",
    "uniqueness_popularity_fit",
    "mental_simulation_resonance",
    "involvement_weight_modifier",
    "negativity_bias_match",
    "reactance_fit",
    "optimal_distinctiveness_fit",
    "brand_trust_fit",
    "self_monitoring_fit",
    "spending_pain_match",
    "disgust_contamination_fit",
    "anchor_susceptibility_match",
    "mental_ownership_match",
    "full_cosine_alignment"
  ],
  "mean": [
    -0.032202412868632624,
    0.8740549597855317,
    0.43638478552278837,
    0.36987761394101876,
    0.6263918900804343,
    0.5084794906166215,
    0.5003959115281508,
    0.7899731903485256,
    0.46923056300268096,
    0.8471501340482539,
    0.3136306970509392,
    0.9768809651474516,
    -0.06262714477211749,
    0.37400623324396776,
    1.3865515415549587,
    0.27808605898123306,
    0.06337995978552267,
    0.19214671581769416,
    0.3383182975871307,
    0.4339080428954446,
    0.47110100536193006,
    0.20119725201072475,
    0.2010565683646112,
    0.21166286863270753,
    0.9374456434316364
  ],
  "std": [
    0.09768367854027249,
    0.0911836357273723,
    0.08335870341325799,
    0.16267913960102842,
    0.028468840874140772,
    0.06413609468175768,
    0.0859038160188987,
    0.11553523576015298,
    0.06421430360194297,
    0.03856515299400746,
    0.08666132144214395,
    0.03602106938005827,
    0.03889459626206741,
    0.10563256442774162,
    0.16508207335341976,
    0.31918847442398623,
    0.029145953678273755,
    0.021206496138926056,
    0.1390633322229538,
    0.06877522020222195,
    0.05703415342727741,
    0.062476934932939585,
    0.06836357859100174,
    0.0830117207353184,
    0.033398299487163295
  ],
  "loadings_7pc": [
    [
      -0.33158567155406965,
      -0.042560049181695536,
      -0.28976435043307935,
      -0.34552516690534363,
      -0.06559401744194414,
      0.016409597287743365,
      -0.2737560963407937,
      0.13095478796524973,
      0.04859135717422804,
      0.09747988540397316,
      -0.025391117957492004,
      -0.10174657046253924,
      0.1508814254510661,
      0.006168222136983841,
      0.2646075131456772,
      0.33310104891052994,
      0.34958212894692525,
      -0.173439151082893,
      -0.3427496363752331,
      -0.07734346691701041,
      0.2456507118753969,
      0.07000575969427361,
      -0.007064561037308173,
      -0.08152055966578114,
      0.11789496532819618
    ],
    [
      0.03548269812809849,
      -0.29891898950429874,
      -0.2363442391609237,
      -0.05647394043396661,
      -0.03903653296097303,
      -0.1577601491796541,
      -0.22938043777263972,
      -0.30923966221143234,
      -0.2649912721760951,
      -0.2706570972780689,
      -0.22942829713865745,
      -0.24794642736154485,
      -0.003378164524712956,
      -0.30696272088932786,
      -0.203104594015834,
      -0.1039142244373611,
      -0.05486987810393345,
      -0.08753792516734507,
      0.03189638583158454,
      -0.21939855234039682,
      0.00925270763297885,
      -0.004139451986628743,
      0.16236228986114593,
      -0.28342958808123,
      -0.32431924636140297
    ],
    [
      -0.011092373584525469,
      0.13847397091480684,
      -0.0345496208832383,
      -0.044871743802021725,
      -0.404423657429221,
      0.32465293307714094,
      0.11183180391229837,
      0.27599386271594206,
      -0.1866085090151181,
      0.07579736359237492,
      -0.20615520930266026,
      0.25262023083199614,
      -0.30471043943684994,
      -0.31887505113358416,
      0.17736841884030313,
      0.02679664854856024,
      0.022455816067444314,
      0.15617244993479826,
      0.09049500118328359,
      -0.16571210865432534,
      -0.012587599162410574,
      -0.15574852816175483,
      0.39489862648196056,
      -0.07131204811667544,
      0.01658788024651048
    ],
    [
      0.019084252828821972,
      -0.06888461032048283,
      -0.14030949396421546,
      -0.043887313181988574,
      -0.1599737929459049,
      0.15459593927744522,
      -0.06456084603231114,
      -0.0454463912137242,
      0.18032701153788744,
      -0.20851356083804232,
      0.452311592147502,
      -0.17036060950804427,
      -0.13602229651995684,
      -0.10243274282008147,
      0.0603057521598381,
      -0.06008035959219973,
      0.05483209959325665,
      0.37217411742927725,
      0.0033899117577194473,
      0.43516916612459555,
      0.21892455366327232,
      0.27825614992798536,
      0.20216690211130586,
      0.0937465921832622,
      -0.2564946151515895
    ],
    [
      -0.06976521834778329,
      0.2598491854939548,
      -0.05235634163111188,
      0.02035785348545009,
      -0.17154865356873655,
      -0.03022806690024527,
      -0.03111469360434139,
      -0.010673338006109348,
      0.17169434226468255,
      0.15294250620250754,
      0.20709731414200863,
      0.25406886194845474,
      0.40474131773075406,
      -0.250228433647479,
      -0.17190934360521495,
      -0.1586243398682667,
      -0.0625535260211259,
      -0.3061959639312154,
      0.05876527812996168,
      0.32790507000826935,
      0.056437483534685785,
      -0.2226200217922035,
      0.05520649655862643,
      -0.42473625232089524,
      -0.08208780284221082
    ],
    [
      0.02305867629375413,
      0.26277807654055707,
      0.04935542366310484,
      -0.02164113491464043,
      0.040766558704940926,
      -0.1298455820473176,
      0.019194688019052705,
      0.04271972237650304,
      -0.09240990235632632,
      0.19223350101431438,
      -0.17722404736105057,
      0.19972183936344595,
      0.02494118954823061,
      -0.033156043608041565,
      -0.09667104311135774,
      -0.09123165696254504,
      -0.012066693392218478,
      0.02708414703090485,
      0.07140891161093156,
      -0.10672235792384302,
      0.1681016670524782,
      0.8322813089010966,
      -0.0027737595418725774,
      -0.17534311636025918,
      -0.03930404408342448
    ],
    [
      -0.013318741034316493,
      0.13750925648338116,
      -0.03735150203052272,
      0.14055488485443401,
      -0.1254928588907135,
      0.35425218139185116,
      0.12574456017498029,
      0.061423930810843484,
      -0.12693322760760323,
      -0.10331507646839759,
      -0.08066288830924188,
      -0.23305226672331114,
      0.3747255853772384,
      0.0686860391789319,
      0.11615707472059487,
      -0.16148102173556958,
      -0.07940522257854879,
      -0.41714400154556663,
      0.09735044022579645,
      -0.103926599118123,
      0.2023567258265505,
      0.08901038343109784,
      0.07435965810020205,
      0.4584869260313899,
      -0.2478324972344002
    ]
  ],
  "explained_variance": [
    0.27492228985532063,
    0.17608640928831096,
    0.14664634241645177,
    0.06792552393845959,
    0.03618878385189162,
    0.03507089188515119,
    0.030770442706545355
  ],
  "cumulative_variance": [
    0.27492228985532063,
    0.4510086991436316,
    0.5976550415600834,
    0.665580565498543,
    0.7017693493504347,
    0.7368402412355859,
    0.7676106839421313
  ],
  "n_components": 7,
  "n_edges_fitted": 1492
}